[
  {
    "name": "${container_name}",
    "image": "${docker_image}:${docker_tag}",
    "memory": ${container_memory},
    "memoryReservation": ${container_mem_reservation},
    "cpu": ${container_cpu},
    "essential": true,
    "environment": [
        {
            "name" : "DHRM_DB_DRIVER_CLASS_NAME",
            "value": "org.postgresql.Driver"
        },
        {
            "name" : "DHRM_DB_URL",
            "value": "jdbc:postgresql://${rds_endpoint}:${db_port}/${db_name}"
        },
        {
            "name" : "DHRM_DB_USERNAME",
            "value": "${db_username}"
        },
        {
            "name" : "DHRM_DB_PASSWORD",
            "value": "${db_password}"
        },
        {
            "name" : "DHRM_DB_MAPPERXML",
            "value": "mapper/*Mapper.xml"
        },
        {
            "name" : "DHRM_PROBATION_NUMBER",
            "value": "5"
        },
        {
            "name" : "DHRM_SALT",
            "value": "DataFabric"
        },

        {
            "name" : "DHRM_TEMPLATE_URL",
            "value": "/tmp/DHRMResource/templates/"
        },
        {
            "name": "DHRM_ADMIN_USERNAME",
            "value": "${admin_username}"
        },
        {
            "name" : "DHRM_ADMIN_PASSWORD",
            "value": "${admin_password}"
        },
        {
            "name" : "DHRM_SENDER_NAME",
            "value": "${sender_name}"
        },
        {
            "name" : "DHRM_CLIENT_ID",
            "value": "dhrm_user"
        },
        {
            "name" : "DHRM_GRANT_TYPE",
            "value": "password"
        },
        {
            "name" : "DHRM_REGION",
            "value": "${region}"
        },
        {
            "name" : "DHRM_CLUSTER",
            "value": "${cluster}"
        },
        {
            "name" : "DHRM_ACCOUNT_ID",
            "value": "${account_id}"
        },
        {
            "name" : "DHRM_ENVIRONMENT",
            "value": "${usage}"
        },
        {
            "name" : "DHRM_SUPER_HR",
            "value": "${super_hr}"
        },
        {
            "name" : "DHRM_HR_TEAM_LIST",
            "value": "${hr_team_list}"
        },
        {
            "name" : "DHRM_HR_TEAM_EMAIL_LIST",
            "value": "${hr_team_email_list}"
        },
        {
          "name" : "DHRM_IT_TEAM_EMAIL_LIST",
          "value": "${it_team_email_list}"
        },
        {
            "name" : "DHRM_SUPER_MANAGER_EMAIL",
            "value": "${super_manager_email}"
        },
        {
            "name" : "AWS_DEFAULT_REGION",
            "value": "${region}"
        },
        {
            "name" : "CLOUD_AWS_CREDENTIALS_USE_DEFAULT_AWS_CREDENTIALS_CHAIN",
            "value": "true"
        },
        {
            "name" : "SAML_IDP_METADATA_FILE",
            "value": "classpath:saml/${usage}/idp_metadata.xml"
        },
        {
            "name" : "SAML_SP_METADATA_FILE",
            "value": "classpath:saml/${usage}/sp_metadata.xml"
        },
        {
            "name" : "SAML_KEYSTORE_PATH",
            "value": "classpath:saml/${usage}/saml_keystore.jks"
        },
        {
            "name" : "SAML_APP_ID",
            "value": "${app_id}"
        },
        {
            "name" : "SAML_KEYSTORE_PASSWORD",
            "value": "${keystore_password}"
        },
        {
            "name" : "SAML_KEY_PAIR_PASSWORD",
            "value": "${key_pair_password}"
        },
        {
            "name" : "SAML_KEY_PAIR_ALIAS",
            "value": "${key_pair_alias}"
        },
        {
            "name" : "SAML_SP_SERVER_NAME",
            "value": "${sp_server_name}"
        },
        {
            "name" : "SAML_SP_SERVER_PORT",
            "value": "${sp_server_port}"
        },
        {
            "name" : "SAML_SP_CONTEXT_PATH",
            "value": "${sp_context_path}"
        },
        {
            "name" : "SAML_SP_SERVER_SCHEME",
            "value": "${sp_server_scheme}"
        },
        {
            "name" : "SAML_METADATA_TRUST_CHECK",
            "value": "${metadata_trust_check}"
        },
        {
            "name" : "SAML_RETURN_URL",
            "value": "${return_url}"
        },
        {
            "name" : "SAML_SIGNING_KEY",
            "value": "${signing_key}"
        },
        {
            "name" : "SAML_NAME_CLAIM",
            "value": "${name_claim}"
        },
        {
            "name" : "CLOUD_AWS_STACK_AUTO",
            "value": "false"
        },
        {
            "name": "AWS_SQS_QUEUE_NAME",
            "value": "dhrm_email_sqs_${usage}"
        },
        {
          "name" : "JIRA_HOME_URL",
          "value": "${jira_home_url}"
        },
        {
            "name" : "JIRA_CONSUMER_KEY",
            "value": "${jira_consumer_key}"
        },
        {
            "name" : "JIRA_PRIVATE_KEY",
            "value": "${jira_private_key}"
        },
        {
            "name" : "JIRA_SECRET",
            "value": "${jira_secret}"
        },
        {
            "name" : "JIRA_REQUEST_TOKEN",
            "value": "${jira_request_token}"
        },
        {
            "name" : "JIRA_ACCESS_TOKEN",
            "value": "${jira_access_token}"
        },
        {
            "name" : "JIRA_TOKEN_REMAIN_TIME",
            "value": "${jira_token_remain_time}"
        }
    ],
    "portMappings": [
      {
        "protocol": "${container_protocol}",
        "containerPort": ${container_port}
      }
    ],
    "logConfiguration": {
        "logDriver": "sumologic",
        "options": {
            "sumo-url": "${sumo_url}"
        }
    }
  }
]
