{
    "Version": "2012-10-17",
    "Statement": [
        {
            "Effect": "Allow",
            "Action": [
                "ec2:DeleteCustomerGateway",
                "ec2:DeleteDhcpOptions",
                "ec2:DeleteFlowLogs",
                "ec2:DeleteInternetGateway",
                "ec2:DeleteNatGateway",
                "ec2:DeleteNetworkAcl",
                "ec2:DeleteNetworkAclEntry",
                "ec2:DeleteNetworkInterface",
                "ec2:DeleteRoute",
                "ec2:DeleteRouteTable",
                "ec2:DeleteSecurityGroup",
                "ec2:DeleteSubnet",
                "ec2:DeleteTags",
                "ec2:DeleteVpc",
                "ec2:DeleteVpcEndpoints",
                "ec2:DeleteVpcPeeringConnection",
                "ec2:DeleteVpnConnection",
                "ec2:DeleteVpnConnectionRoute",
                "ec2:DeleteVpnGateway",
                "ec2:DetachClassicLinkVpc",
                "ec2:DetachInternetGateway",
                "ec2:DetachNetworkInterface",
                "ec2:DetachVpnGateway",
                "ec2:DescribeAddresses",
                "ec2:DescribeAvailabilityZones",
                "ec2:DescribeClassicLinkInstances",
                "ec2:DescribeCustomerGateways",
                "ec2:DescribeDhcpOptions",
                "ec2:DescribeFlowLogs",
                "ec2:DescribeInstances",
                "ec2:DescribeInternetGateways",
                "ec2:DescribeKeyPairs",
                "ec2:DescribeMovingAddresses",
                "ec2:DescribeNatGateways",
                "ec2:DescribeNetworkAcls",
                "ec2:DescribeNetworkInterfaceAttribute",
                "ec2:DescribeNetworkInterfaces",
                "ec2:DescribePrefixLists",
                "ec2:DescribeRouteTables",
                "ec2:DescribeSecurityGroups",
                "ec2:DescribeSubnets",
                "ec2:DescribeTags",
                "ec2:DescribeVpcAttribute",
                "ec2:DescribeVpcClassicLink",
                "ec2:DescribeVpcClassicLinkDnsSupport",
                "ec2:DescribeVpcEndpoints",
                "ec2:DescribeVpcEndpointServices",
                "ec2:DescribeVpcPeeringConnections",
                "ec2:DescribeVpcs",
                "ec2:DescribeVpnConnections",
                "ec2:DescribeVpnGateways",
                "ec2:DisableVgwRoutePropagation",
                "ec2:DisableVpcClassicLink",
                "ec2:DisassociateAddress",
                "ec2:DisassociateRouteTable",
                "ec2:ReleaseAddress",
                "ec2:ReplaceNetworkAclAssociation",
                "ec2:ReplaceNetworkAclEntry",
                "ec2:ReplaceRoute",
                "ec2:ReplaceRouteTableAssociation",
                "ec2:ResetNetworkInterfaceAttribute",
                "ec2:RestoreAddressToClassic",
                "ec2:RevokeSecurityGroupEgress",
                "ec2:RevokeSecurityGroupIngress",
                "ec2:UnassignPrivateIpAddresses"
            ],
            "Resource": "*"
        }
    ]
}
