{
  "Version": "2012-10-17",
  "Statement": [
    {
      "Effect": "Allow",
      "Action": "ec2:Describe*",
      "Resource": "*"
    },
    {
      "Effect": "Allow",
      "Action": "elasticloadbalancing:Describe*",
      "Resource": "*"
    },
    {
      "Effect": "Allow",
      "Action": [
        "cloudwatch:ListMetrics",
        "cloudwatch:GetMetricStatistics",
        "cloudwatch:Describe*"
      ],
      "Resource": "*"
    },
    {
      "Effect": "Allow",
      "Action": "autoscaling:Describe*",
      "Resource": "*"
    },
    {
      "Effect": "Allow",
      "Action": [
        "ses:List*",
        "ses:Get*"
      ],
      "Resource": "*"
    },
    {
      "Effect": "Allow",
      "Action": "sns:ListTopics",
      "Resource": "*"
    },
    {
      "Effect": "Allow",
      "Action": [
          "sqs:GetQueueAttributes",
          "sqs:ListQueues"
      ],
      "Resource": "*"
    },
    {
      "Effect": "Allow",
      "Action": [
          "tag:getResources",
          "tag:getTagKeys",
          "tag:getTagValues"
      ],
      "Resource": "*"
    },
    {
      "Effect": "Allow",
      "Action": "elasticfilesystem:Describe*",
      "Resource": "*"
    }
  ]
}
