{
    "Version": "2012-10-17",
    "Statement": [
        {
            "Effect": "Allow",
            "Action": "ses:*",
            "Resource": "*"
        },
        {
            "Effect": "Allow",
            "Action": "iam:*",
            "Resource": "*"
        },
        {
            "Effect": "Allow",
            "Action": [
                "tag:getResources",
                "tag:getTagKeys",
                "tag:getTagValues"
            ],
            "Resource": "*"
        }
    ]
}
