{
    "Version": "2012-10-17",
    "Statement": [
        {
            "Action": "ec2:*",
            "Effect": "Allow",
            "Resource": "*"
        },
        {
            "Effect": "Allow",
            "Action": "elasticloadbalancing:*",
            "Resource": "*"
        },
        {
            "Effect": "Allow",
            "Action": "cloudwatch:*",
            "Resource": "*"
        },
        {
            "Effect": "Allow",
            "Action": "autoscaling:*",
            "Resource": "*"
        },
        {
            "Effect": "Allow",
            "Action": "rds:*",
            "Resource": "*"
        },
        {
            "Effect": "Allow",
            "Action": "iam:GetUser",
            "Resource": "*"
        },
        {
            "Effect": "Allow",
            "Action": "iam:PassRole",
            "Resource": "*"
        },
        {
            "Effect": "Allow",
            "Action": "iam:ListInstanceProfiles",
            "Resource": "*"
        },
        {
            "Effect": "Allow",
            "Action": "kms:ListKeys",
            "Resource": "*"
        }
    ]
}
