{
    "Version": "2012-10-17",
    "Statement": [
        {
            "Sid": "Stmt1466437350000",
            "Effect": "Allow",
            "Action": [
                "ec2:Describe*",
                "ec2:RebootInstances"
            ],
            "Resource": [
                "*"
            ]
        },
        {
            "Effect": "Allow",
            "Action": [
                "cloudwatch:ListMetrics",
                "cloudwatch:GetMetricStatistics",
                "cloudwatch:Describe*"
            ],
            "Resource": "*"
        }
    ]
}
