{
    "Version": "2012-10-17",
    "Statement": [
        {
            "Effect": "Allow",
            "Action": [
                "ec2:DescribeInstances",
                "ec2:DescribeVolumes",
                "cloudwatch:GetMetricStatistics",
                "cloudwatch:ListMetrics",
                "cloudwatch:DescribeAlarms",
                "elasticloadbalancing:DescribeLoadBalancers"  
            ],
            "Resource": "*",
            "Condition": {
                "Bool": {
                    "aws:SecureTransport": "true"
                }
            }
        }
    ]
}
