{
    "Version": "2012-10-17",
    "Statement": [
        {
            "Action": [
                "ec2:AllocateAddress",
                "ec2:AssociateAddress",
                "ec2:AttachVolume",
                "ec2:CreateImage",
                "ec2:CreateVolume",
                "ec2:DeleteVolume",
                "ec2:DeregisterImage",
                "ec2:DescribeImages",
                "ec2:DetachVolume",
                "ec2:ModifyImageAttribute",
                "ec2:ModifyInstanceAttribute",
                "ec2:ModifySnapshotAttribute",
                "ec2:ModifyVolumeAttribute",
                "ec2:RegisterImage",
                "ec2:RunInstances",
                "ec2:StartInstances",
                "ec2:StopInstances",
                "iam:PassRole"
            ],
            "Sid": "Stmt1374243096000",
            "Resource": [
                "*"
            ],
            "Effect": "Allow"
        },
        {
            "Action": [
                "rds:RestoreDBInstanceFromDBSnapshot",
                "rds:RestoreDBClusterFromSnapshot"
            ],
            "Sid": "Stmt1374243250000",
            "Resource": [
                "*"
            ],
            "Effect": "Allow"
        }
    ]
}
