{
    "Version": "2012-10-17",
    "Statement": [
        {
            "Action": [
                "ec2:AttachVolume",
                "ec2:AuthorizeSecurityGroupEgress",
                "ec2:AuthorizeSecurityGroupIngress",
                "ec2:CreateTags",
                "ec2:CreateVolume",
                "ec2:DescribeAvailabilityZones",
                "ec2:DescribeInstanceAttribute",
                "ec2:DescribeInstanceStatus",
                "ec2:DescribeInstances",
                "ec2:DescribeSecurityGroups",
                "ec2:DescribeTags",
                "ec2:DescribeVolumeAttribute",
                "ec2:DescribeVolumeStatus",
                "ec2:DescribeVolumes"
            ],
            "Sid": "Stmt1374233119000",
            "Resource": [
                "*"
            ],
            "Effect": "Allow"
        }
    ]
}
