{
    "Version": "2012-10-17",
    "Statement": [
        {
            "Action": [
                "ec2:CopySnapshot",
                "ec2:CopyImage",
                "ec2:CreateImage",
                "ec2:CreateSnapshot",
                "ec2:CreateTags",
                "ec2:DeleteSnapshot",
                "ec2:DescribeAddresses",
                "ec2:DescribeAvailabilityZones",
                "ec2:DescribeImageAttribute",
                "ec2:DescribeImages",
                "ec2:DescribeInstanceAttribute",
                "ec2:DescribeInstanceStatus",
                "ec2:DescribeInstances",
                "ec2:DescribeKeyPairs",
                "ec2:DescribePlacementGroups",
                "ec2:DescribeRegions",
                "ec2:DescribeSecurityGroups",
                "ec2:DescribeSnapshotAttribute",
                "ec2:DescribeSnapshots",
                "ec2:DescribeSubnets",
                "ec2:DescribeTags",
                "ec2:DescribeVolumeAttribute",
                "ec2:DescribeVolumeStatus",
                "ec2:DescribeVolumes",
                "ec2:DescribeVpcs",
                "ec2:ModifyImageAttribute",
                "ec2:ModifySnapshotAttribute",
                "ec2:ResetSnapshotAttribute"
            ],
            "Sid": "Stmt1374236955000",
            "Resource": [
                "*"
            ],
            "Effect": "Allow"
        },
        {
            "Action": [
                "rds:CreateDBSnapshot",
                "rds:DeleteDBSnapshot",
                "rds:DescribeDBInstances",
                "rds:DescribeDBClusters",
                "rds:DescribeDBParameterGroups",
                "rds:DescribeDBParameters",
                "rds:DescribeDBSnapshots",
                "rds:DescribeDBSubnetGroups",
                "rds:ListTagsForResource",
                "rds:CopyDBSnapshot",
                "redshift:DescribeClusters"
            ],
            "Sid": "Stmt1374237153000",
            "Resource": [
                "*"
            ],
            "Effect": "Allow"
        }
    ]
}
