[
  {
    "name": "${container_name}",
    "image": "${docker_image}:${docker_tag}",
    "memory": ${container_memory},
    "memoryReservation": ${container_mem_reservation},
    "cpu": ${container_cpu},
    "essential": true,
    "environment": [
      {
      "name" : "AWS_DEFAULT_REGION",
      "value": "${region}"
      },
      {
        "name" : "FLYWAY_ENVIRONMENT",
        "value": "${usage}"
      },
      {
        "name" : "FLYWAY_VERSION",
        "value": "5.0.5"
      },
      {
        "name" : "FLYWAY_URL",
        "value": "jdbc:postgresql://${rds_endpoint}:${db_port}/${db_name}"
      },
      {
        "name" : "FLYWAY_USER",
        "value": "${db_username}"
      },
      {
        "name" : "FLYWAY_PASSWORD",
        "value": "${db_password}"
      },
      {
        "name" : "FLYWAY_CLEAN_ON_VALIDATION_ERROR",
        "value": "false"
      },
      {
        "name" : "FLYWAY_BASELINE_ON_MIGRATE",
        "value": "true"
      }
    ],
    "portMappings": [
      {
        "protocol": "${container_protocol}",
        "containerPort": ${container_port}
      }
    ],
    "logConfiguration": {
      "logDriver": "sumologic",
      "options": {
        "sumo-url": "${sumo_url}"
      }
    }
  }
]