<?xml version='1.0' encoding='utf-8'?>

<!--
~ Copyright (c) 2018 Kingland Systems Corporation. All Rights Reserved.
-->

<!-- Note:  A "Server" is not itself a "Container", so you may not
     define subcomponents such as "Valves" at this level.
     Documentation at /docs/config/server.html
 -->
<Server port="8005" shutdown="SHUTDOWN">
    <!-- Security listener. Documentation at /docs/config/listeners.html
    <Listener className="org.apache.catalina.security.SecurityListener" />
    -->
    <!--APR library loader. Documentation at /docs/apr.html -->
    <Listener className="org.apache.catalina.core.AprLifecycleListener" SSLEngine="on"/>
    <!-- Prevent memory leaks due to use of particular java/javax APIs-->
    <Listener className="org.apache.catalina.core.JreMemoryLeakPreventionListener"/>
    <Listener className="org.apache.catalina.mbeans.GlobalResourcesLifecycleListener"/>
    <Listener className="org.apache.catalina.core.ThreadLocalLeakPreventionListener"/>

    <!-- A "Service" is a collection of one or more "Connectors" that share
         a single "Container" Note:  A "Service" is not itself a "Container",
         so you may not define subcomponents such as "Valves" at this level.
         Documentation at /docs/config/service.html
     -->
    <Service name="Catalina">

        <!--The connectors can use a shared executor, you can define one or more named thread pools-->
        <!--
        <Executor name="tomcatThreadPool" namePrefix="catalina-exec-"
            maxThreads="150" minSpareThreads="4"/>
        -->

        <Connector
                port="8080"
                maxHttpHeaderSize="8192"
                maxThreads="150"
                minSpareThreads="4"
                enableLookups="false"
                server="Apache"
                protocol="org.apache.coyote.http11.Http11NioProtocol"
                useServerCipherSuitesOrder="true"
                URIEncoding="UTF-8"
                disableUploadTimeout="true"
                connectionTimeout="20000"
                redirectPort="8443"
                compression="on"
                compressionMinSize="512"
                noCompressionUserAgents="gozilla, traviata"
                compressableMimeType="text/html,text/xml,text/javascript,application/javascript,text/css,text/plain,text/json"
        />
        <Connector
                port="8443"
                maxHttpHeaderSize="8192"
                maxThreads="150"
                minSpareThreads="4"
                enableLookups="false"
                server="Apache"
                protocol="org.apache.coyote.http11.Http11NioProtocol"
                useServerCipherSuitesOrder="true"
                URIEncoding="UTF-8"
                disableUploadTimeout="true"
                connectionTimeout="60000"
                scheme="https"
                secure="true"
                clientAuth="false"
                SSLEnabled="true"
                sslEnabledProtocols="+TLSv1.2 +TLSv1.1"
                ciphers="TLS_ECDHE_RSA_WITH_AES_256_CBC_SHA, TLS_RSA_WITH_AES_256_CBC_SHA256, TLS_RSA_WITH_AES_256_CBC_SHA, TLS_ECDHE_RSA_WITH_AES_128_CBC_SHA256, TLS_RSA_WITH_AES_128_CBC_SHA256, TLS_ECDHE_RSA_WITH_AES_128_CBC_SHA, TLS_RSA_WITH_AES_128_CBC_SHA"
                keystoreFile="/usr/local/tomcat/Security/.keystore"
                keystorePass="long_and_secure_passphrase_for_K1ngland_tomcat_keystore"
                compression="on"
                compressionMinSize="512"
                noCompressionUserAgents="gozilla, traviata"
                compressableMimeType="text/html,text/xml,text/javascript,application/javascript,text/css,text/plain,text/json"
        />

        <!-- An Engine represents the entry point (within Catalina) that processes
             every request.  The Engine implementation for Tomcat stand alone
             analyzes the HTTP headers included with the request, and passes them
             on to the appropriate Host (virtual host).
             Documentation at /docs/config/engine.html -->

        <!-- You should set jvmRoute to support load-balancing via AJP ie :
        <Engine name="Catalina" defaultHost="localhost" jvmRoute="jvm1">
        -->
        <Engine name="Catalina" defaultHost="localhost">

            <!--For clustering, please take a look at documentation at:
                /docs/cluster-howto.html  (simple how to)
                /docs/config/cluster.html (reference documentation) -->
            <!--
            <Cluster className="org.apache.catalina.ha.tcp.SimpleTcpCluster"/>
            -->

            <Host name="localhost" appBase="webapps"
                  unpackWARs="true" autoDeploy="true">

                <!-- SingleSignOn valve, share authentication between web applications
                     Documentation at: /docs/config/valve.html -->
                <!--
                <Valve className="org.apache.catalina.authenticator.SingleSignOn" />
                -->

                <!-- Access log processes all example.
                     Documentation at: /docs/config/valve.html
                     Note: The pattern used is equivalent to using pattern="common" -->
                <Valve className="org.apache.catalina.valves.AccessLogValve" directory="logs"
                       prefix="localhost_access_log." suffix=".txt"
                       pattern="%h LOCALPORT:%p  %l %u [%{YYYY-MM-dd HH:mm:ss z}t]      STATUS:%s       BYTES:%b     TIMEMS_PROCESS:%D        TIMEMS_COMMIT:%F [[%I]] &quot;%r&quot;"/>

            </Host>
        </Engine>
    </Service>
</Server>