[
    {
        "name": "${container_name}",
        "image": "${docker_image}:${docker_tag}",
        "memory": ${container_memory},
        "memoryReservation": ${container_mem_reservation},
        "cpu": ${container_cpu},
        "essential": true,
        "portMappings": [
            {
                "protocol": "${container_protocol}",
                "containerPort": ${container_port}
            }
        ],
        "logConfiguration": {
          "logDriver": "awslogs",
          "options": {
            "awslogs-group": "${log_group_name}",
            "awslogs-region": "${log_group_region}"
          }
        }
    }
]